Workbook

Sheet Ficha
A2: Nº Ficha
A3: ="000000" -> 000000 | B3: Servicio Técnico
A7: Fecha:
A9: Contacto del Cliente:
A11: Nombre del Cliente:
A13: Equipo Recibido: | D13: Serie N°:
A14: Fecha de ingreso: | C14: 45825 | D14: Bat N°:
D15: Cargador N°:
A17: DIAGNOSTICO DEL DEPARTAMENTO TECNICO
A18: NO SELLA
A22: INTEGRIDAD | C22: CHEQUEOS
A23: Armadura de plástico | B23: 0.8 | C23: Contactos
A24: Base de metal | B24: 0.8 | C24: Motores
A25: Rueda de tensionado | B25: 0.8 | C25: Resorte
A26: Sistema de sellado | B26: 0.8 | C26: Display
A28: CONCLUSION
A35: DETALLE DE REPARACION
A36: Cantidad | B36: Codigo | C36: DESCRIPCION
C37: =IF(B37="","",VLOOKUP(B37,'Matriz de repuestos'!$A$1:$B$231,2,FALSE))
C38: =IF(B38="","",VLOOKUP(B38,'Matriz de repuestos'!$A$1:$B$231,2,FALSE))
C39: =IF(B39="","",VLOOKUP(B39,'Matriz de repuestos'!$A$1:$B$231,2,FALSE))
C40: =IF(B40="","",VLOOKUP(B40,'Matriz de repuestos'!$A$1:$B$231,2,FALSE))
C41: =IF(B41="","",VLOOKUP(B41,'Matriz de repuestos'!$A$1:$B$231,2,FALSE))
C42: =IF(B42="","",VLOOKUP(B42,'Matriz de repuestos'!$A$1:$B$231,2,FALSE))
C43: =IF(B43="","",VLOOKUP(B43,'Matriz de repuestos'!$A$1:$B$231,2,FALSE))
C44: =IF(B44="","",VLOOKUP(B44,'Matriz de repuestos'!$A$1:$B$231,2,FALSE))
C45: =IF(B45="","",VLOOKUP(B45,'Matriz de repuestos'!$A$1:$B$231,2,FALSE))
C46: =IF(B46="","",VLOOKUP(B46,'Matriz de repuestos'!$A$1:$B$231,2,FALSE))
C47: =IF(B47="","",VLOOKUP(B47,'Matriz de repuestos'!$A$1:$B$231,2,FALSE))
C48: =IF(B48="","",VLOOKUP(B48,'Matriz de repuestos'!$A$1:$B$231,2,FALSE))
C49: =IF(B49="","",VLOOKUP(B49,'Matriz de repuestos'!A13:B243,2,FALSE))
A50: CICLOS
A51: MARCAR CON UNA CRUZ LO QUE CORRESPONDA
A52: MANO DE OBRA - Modulo reparación Base (3hs) Maq Bateria o Neumatica | D52: x
A53: MANO DE OBRA - Modulo reparación Base (3hs) Maq Manual
A54: Hora Adicional
A55: Costo presupuesto maquina Bateria o Neumatica
A56: Costo presupuesto maquina Manual
A58: Resp. Servicio: David - DML ELECTRICIDAD INDUSTRIAL SRL | D58: Mod BAS

Sheet INFO A CRM
B4: ST N° | C4: =Ficha!A3 -> 000000
B5: Equipo: | C5: =Ficha!C13 -> 0
B6: SN: | C6: =Ficha!E13 -> 0
B7: SN Baterías: | C7: =Ficha!E14 -> 0
B8: Cargador: | C8: =Ficha!E15 -> 0
B10: Diagnóstico Depto. Técnico: | C10: =Ficha!A18 -> NO SELLA
B12: INTEGRIDAD
B13: =+Ficha!A23 -> Armadura de plástico | C13: =Ficha!B23 -> 0.8
B14: =Ficha!A24 -> Base de metal | C14: =Ficha!B24 -> 0.8
B15: =Ficha!A25 -> Rueda de tensionado | C15: =Ficha!B25 -> 0.8
B16: =Ficha!A26 -> Sistema de sellado | C16: =Ficha!B26 -> 0.8
B18: CHEQUEOS
B19: =Ficha!C23 -> Contactos | C19: =Ficha!D23 -> 0
B20: =Ficha!C24 -> Motores | C20: =Ficha!D24 -> 0
B21: =Ficha!C25 -> Resorte | C21: =Ficha!D25 -> 0
B22: =Ficha!C26 -> Display | C22: =Ficha!D26 -> 0
B24: CONCLUSIÓN
B25: =Ficha!A29 -> 0

Sheet Matriz de repuestos
A1: CODIGO | B1: ITEM
A2: A000006 | B2: HT TENSION MOTOR GROUP
A3: A000007 | B3: LT TENSION MOTOR GROUP
A4: A000038 | B4: WELDING GROUP
A5: A000062 | B5: CUTTER (ITA 40)
A6: A000097 | B6: SIGNALS CARD WITH LIGHT TRANSP
A7: A000155 | B7: SUSPENSION HOOK ITA40-24-25
A8: A000177 | B8: ITA25 TENSION MOTOR GROUP
A9: A000178 | B9: ITA24 TENSION MOTOR GROUP
A10: A000179 | B10: CONNECTING ROD ASS.Y
A11: A000180 | B11: WELDING GROUP ASSEMBLED
A12: A000181 | B12: EXCENTRIC SHAFT ASSEMB.
... A231: GCTT40 | B231: GANCHOS CTT40
